postID,userID,content
1,1,aliquam augue quam sollicitudin vitae consectetuer eget rutrum at lorem
2,2,dis parturient montes nascetur ridiculus mus etiam vel augue vestibulum rutrum
3,3,mattis egestas metus aenean fermentum donec ut mauris eget massa tempor convallis nulla neque libero convallis
4,4,ac nulla sed vel enim sit amet nunc viverra dapibus nulla suscipit
5,5,sit amet consectetuer adipiscing elit proin interdum mauris non ligula pellentesque ultrices phasellus
6,6,magna bibendum imperdiet nullam orci pede venenatis non sodales sed tincidunt eu felis fusce posuere felis sed lacus morbi
7,7,amet consectetuer adipiscing elit proin interdum mauris non ligula pellentesque ultrices phasellus id sapien in
8,8,blandit nam nulla integer pede justo lacinia eget tincidunt eget tempus vel
9,9,eu magna vulputate luctus cum sociis natoque penatibus et magnis dis parturient montes nascetur
10,10,semper est quam pharetra magna ac consequat metus sapien ut nunc
11,11,sit amet diam in magna bibendum imperdiet nullam orci pede venenatis non sodales sed tincidunt eu felis fusce
12,12,sed nisl nunc rhoncus dui vel sem sed sagittis nam congue risus semper porta
13,13,rhoncus aliquam lacus morbi quis tortor id nulla ultrices aliquet maecenas leo odio condimentum id luctus nec molestie sed justo
14,14,a odio in hac habitasse platea dictumst maecenas ut massa quis augue luctus tincidunt nulla mollis molestie lorem
15,15,ac tellus semper interdum mauris ullamcorper purus sit amet nulla quisque arcu libero rutrum ac lobortis vel
16,16,et ultrices posuere cubilia curae donec pharetra magna vestibulum aliquet ultrices erat tortor
17,17,sem fusce consequat nulla nisl nunc nisl duis bibendum felis sed interdum venenatis turpis
18,18,pretium iaculis justo in hac habitasse platea dictumst etiam faucibus cursus urna ut tellus nulla ut erat
19,19,libero ut massa volutpat convallis morbi odio odio elementum eu interdum eu tincidunt in leo maecenas pulvinar
20,20,aliquam convallis nunc proin at turpis a pede posuere nonummy integer non velit donec diam neque vestibulum eget vulputate ut
