userID,title,content
1,curae mauris viverra diam vitae quam suspendisse potenti nullam porttitor lacus at turpis donec posuere,habitasse platea dictumst aliquam augue quam sollicitudin vitae consectetuer eget rutrum at lorem integer tincidunt ante vel ipsum praesent
2,et magnis dis parturient montes nascetur ridiculus mus etiam vel augue vestibulum rutrum rutrum neque aenean auctor gravida sem,donec vitae nisi nam ultrices libero non mattis pulvinar nulla pede ullamcorper augue a suscipit nulla elit ac nulla
3,nulla mollis molestie lorem quisque ut erat curabitur gravida nisi at nibh in hac habitasse platea,at ipsum ac tellus semper interdum mauris ullamcorper purus sit
4,luctus rutrum nulla tellus in sagittis dui vel nisl duis ac nibh fusce lacus,dis parturient montes nascetur ridiculus mus etiam vel augue vestibulum rutrum rutrum neque aenean auctor gravida sem
5,et ultrices posuere cubilia curae nulla dapibus dolor vel est donec odio justo sollicitudin ut suscipit a feugiat et,rhoncus sed vestibulum sit amet cursus id turpis integer aliquet massa id
6,sit amet consectetuer adipiscing elit proin risus praesent lectus vestibulum quam sapien varius ut blandit non interdum in ante vestibulum,tempor convallis nulla neque libero convallis eget eleifend luctus ultricies eu nibh quisque id justo sit amet sapien dignissim
7,ultrices vel augue vestibulum ante ipsum primis in faucibus orci luctus et ultrices posuere,sed justo pellentesque viverra pede ac diam cras pellentesque volutpat dui maecenas tristique est et tempus semper est
8,in felis eu sapien cursus vestibulum proin eu mi nulla ac enim in tempor turpis nec,suspendisse potenti cras in purus eu magna vulputate luctus cum sociis natoque penatibus et magnis dis parturient montes
9,sollicitudin vitae consectetuer eget rutrum at lorem integer tincidunt ante vel ipsum praesent blandit lacinia erat,amet nulla quisque arcu libero rutrum ac lobortis vel dapibus at diam nam tristique
10,cum sociis natoque penatibus et magnis dis parturient montes nascetur ridiculus mus vivamus vestibulum sagittis sapien cum,interdum mauris ullamcorper purus sit amet nulla quisque arcu libero rutrum ac lobortis vel dapibus at diam nam tristique tortor
11,hac habitasse platea dictumst aliquam augue quam sollicitudin vitae consectetuer,in tempus sit amet sem fusce consequat nulla nisl nunc nisl duis bibendum
12,quis odio consequat varius integer ac leo pellentesque ultrices mattis odio donec vitae nisi nam ultrices libero non,semper est quam pharetra magna ac consequat metus sapien ut
13,a odio in hac habitasse platea dictumst maecenas ut massa quis augue luctus tincidunt nulla mollis molestie lorem quisque,cum sociis natoque penatibus et magnis dis parturient montes nascetur ridiculus mus etiam
14,sapien cum sociis natoque penatibus et magnis dis parturient montes nascetur ridiculus mus etiam vel augue,lacus at velit vivamus vel nulla eget eros elementum pellentesque quisque porta volutpat erat quisque erat
15,consequat lectus in est risus auctor sed tristique in tempus sit amet sem fusce consequat nulla,arcu adipiscing molestie hendrerit at vulputate vitae nisl aenean lectus
16,vivamus metus arcu adipiscing molestie hendrerit at vulputate vitae nisl aenean lectus,nisl duis bibendum felis sed interdum venenatis turpis enim blandit mi
17,erat quisque erat eros viverra eget congue eget semper rutrum nulla,luctus et ultrices posuere cubilia curae donec pharetra magna vestibulum aliquet ultrices erat
18,felis eu sapien cursus vestibulum proin eu mi nulla ac enim in tempor turpis nec euismod scelerisque,pede justo lacinia eget tincidunt eget tempus vel pede morbi porttitor lorem id ligula suspendisse
19,nullam sit amet turpis elementum ligula vehicula consequat morbi a ipsum integer a nibh in quis justo,nisl duis bibendum felis sed interdum venenatis turpis enim blandit mi in
20,fusce congue diam id ornare imperdiet sapien urna pretium nisl ut volutpat sapien arcu sed,adipiscing lorem vitae mattis nibh ligula nec sem duis aliquam convallis nunc proin at
