username,email,password
camesbury0,mtawton0@php.net,qvV6ivyI
agilbody1,lspowage1@alibaba.com,AwIwCF00kW0
fhuffa2,bdelayglesia2@weather.com,zZWlVGmQl
cjain3,gsimonich3@amazon.co.jp,Y8t4EKkKP0y4
cburdge4,jpietrzyk4@cbslocal.com,kgkIZYH
cchestnut5,masling5@t-online.de,oPnRHUns
gmcdiarmid6,sbaudrey6@va.gov,TAeTz5S
bkingsnod7,mbarttrum7@ocn.ne.jp,qNI8niToi
mdissman8,sterbrug8@privacy.gov.au,ElOHVHV5U
mbaxstare9,awallen9@gizmodo.com,VhaoH5K
adaughterya,dlemasneya@sitemeter.com,zkqSDujLXI2i
eblundinb,cbeachb@nature.com,Pb1MgZ46
vpetrisc,dglassborowc@flavors.me,fSStHbe
pibotsond,rgiannassid@exblog.jp,kxmUQwh2mLV
goselande,zgilhoole@nhs.uk,OL9UW9OoF
ogantf,ehalef@amazon.de,0CcbHzYX1kqc
mtameg,rgintyg@amazon.co.uk,4Ru3WJ7z
cpimblotteh,lbarajash@wikipedia.org,vGFNu0x
gfylani,sbogarti@mozilla.org,vtIIBj8eP0
afortyej,hsanzioj@technorati.com,AJ9for
